student_id,first_name,last_name,gender,date_of_birth,email,enrollment_year
1,Zack,Dunckley,Male,2001-03-15,zdunckley0@csmonitor.com,2024
2,Charley,Cocozza,Male,1999-07-22,ccocozza1@yelp.com,2021
3,Gabe,Walsh,Male,2005-11-09,gwalsh2@examiner.com,2022
4,Tracy,Greenhouse,Male,2003-01-30,tgreenhouse3@unc.edu,2024
5,Jedediah,Yarnley,Male,2000-06-18,jyarnley4@huffingtonpost.com,2025
6,Shelby,Allenson,Female,2002-09-12,sallenson5@paypal.com,2026
7,Fania,Perrygo,Genderfluid,1998-12-05,fperrygo6@squidoo.com,2020
8,Giraud,Pratchett,Male,2004-04-27,gpratchett7@engadget.com,2020
9,Buddy,Doles,Male,2006-08-14,bdoles8@scientificamerican.com,2024
10,Daisey,Dalwood,Female,2001-10-03,ddalwood9@upenn.edu,2022
11,Heddi,Mecchi,Female,1997-02-25,hmecchia@tripadvisor.com,2022
12,Joshua,Huskinson,Male,2003-05-19,jhuskinsonb@toplist.cz,2023
13,Gibbie,De Avenell,Male,2007-07-07,gdeavenellc@quantcast.com,2026
14,Mercie,Caban,Female,2000-11-11,mcaband@imgur.com,2021
15,Normie,Pettyfer,Male,1996-09-29,npettyfere@yellowbook.com,2021
16,Rourke,Milnthorpe,Male,2002-03-08,rmilnthorpef@omniture.com,2022
17,Carine,Dreini,Female,2005-06-21,cdreinig@sourceforge.net,2020
18,Ingelbert,Warner,Genderqueer,2001-01-17,iwarnerh@linkedin.com,2025
19,Auroora,Pass,Female,1999-04-10,apassi@google.cn,2020
20,Evelin,Jorg,Male,2004-10-22,ejorgj@ihg.com,2020
21,Susan,Portch,Female,2006-02-13,sportchk@newyorker.com,2021
22,Hillel,Rubenchik,Male,1998-08-01,hrubenchikl@prweb.com,2026
23,Ike,Gullivan,Male,2003-12-24,igullivanm@yale.edu,2024
24,Wat,Dearle,Male,2007-03-06,wdearlen@naver.com,2024
25,Neile,Skypp,Female,2002-05-30,nskyppo@wisc.edu,2022
26,Jerrie,de Copeman,Female,1997-11-15,jdecopemanp@csmonitor.com,2020
27,Ana,Flello,Female,2000-07-19,aflelloq@nationalgeographic.com,2022
28,Henry,Wilcott,Male,2001-09-27,hwilcottr@bbc.co.uk,2023
29,Juli,Espadater,Female,2005-02-02,jespadaters@webs.com,2022
30,Xerxes,MacFaul,Male,2006-06-10,xmacfault@free.fr,2021
31,Tillie,Piotr,Female,1998-03-14,tpiotru@hhs.gov,2023
32,Valentina,Haggarty,Female,2004-12-08,vhaggartyv@hexun.com,2025
33,Enriqueta,MacColm,Female,2003-07-25,emaccolmw@nbcnews.com,2020
34,Gena,Ropcke,Genderqueer,2007-10-18,gropckex@examiner.com,2021
35,Gasper,Playden,Male,2001-06-04,gplaydeny@auda.org.au,2023
36,Laetitia,Cohane,Female,1999-01-09,lcohanez@vkontakte.ru,2024
37,Glen,Galletley,Male,2002-11-23,ggalletley10@cmu.edu,2021
38,Powell,Rotge,Polygender,2005-08-16,protge11@vimeo.com,2021
39,Gannie,Haggart,Male,2006-04-12,ghaggart12@squidoo.com,2020
40,Jandy,Enns,Female,1997-05-28,jenns13@illinois.edu,2021
41,Templeton,Heskin,Male,2000-03-02,theskin14@yandex.ru,2024
42,Marcus,Tremelling,Male,2004-09-11,mtremelling15@bizjournals.com,2025
43,Bertha,Marples,Female,2003-02-20,bmarples16@time.com,2023
44,Teresa,Gimber,Female,2007-12-01,tgimber17@uol.com.br,2021
45,Adeline,Freckelton,Female,2001-08-30,afreckelton18@wikia.com,2023
46,Brandy,Simoneschi,Female,1998-06-17,bsimoneschi19@yahoo.co.jp,2021
47,Alyss,Steers,Female,2002-01-26,asteers1a@spiegel.de,2020
48,Umberto,Longbone,Male,2005-10-07,ulongbone1b@home.pl,2023
49,Iona,Simnor,Female,2006-07-03,isimnor1c@time.com,2025
50,Putnem,Harrington,Male,1999-12-19,pharrington1d@va.gov,2023
51,Rance,Kilbride,Male,2000-02-14,rkilbride1e@ed.gov,2020
52,Van,Haggus,Female,2003-08-05,vhaggus1f@indiatimes.com,2022
53,Tommy,Andriss,Male,2004-06-29,tandriss1g@google.fr,2026
54,Romeo,Tewes,Male,2007-01-13,rtewes1h@hostgator.com,2024
55,Beret,Koubu,Female,2001-11-21,bkoubu1i@sakura.ne.jp,2025
56,Madalyn,Ayshford,Polygender,1998-10-09,mayshford1j@tamu.edu,2023
57,Enrica,Porritt,Female,2002-04-18,eporritt1k@g.co,2023
58,Moira,Crowthe,Female,2005-09-26,mcrowthe1l@oaic.gov.au,2025
59,Art,Thick,Male,2006-03-07,athick1m@discovery.com,2022
60,Jacob,O' Quirk,Polygender,1997-08-24,joquirk1n@yahoo.com,2021
61,Conrado,Leare,Male,2000-05-15,cleare1o@ezinearticles.com,2025
62,Kincaid,Harcombe,Male,2003-10-31,kharcombe1p@so-net.ne.jp,2025
63,Valle,Sharplin,Male,2004-01-06,vsharplin1q@domainmarket.com,2023
64,Iago,Muller,Male,2007-06-22,imuller1r@sina.com.cn,2026
65,Heidie,Bazylets,Female,2001-02-11,hbazylets1s@odnoklassniki.ru,2023
66,Pete,Calam,Male,1999-09-03,pcalam1t@earthlink.net,2026
67,Amelie,McKinna,Female,2002-12-28,amckinna1u@etsy.com,2026
68,Avictor,Ingraham,Male,2005-07-01,aingraham1v@wufoo.com,2020
69,Pammy,Pesselt,Female,2006-11-17,ppesselt1w@livejournal.com,2026
70,Nonnah,Stoacley,Female,1998-01-23,nstoacley1x@umich.edu,2024
71,Russell,Gunter,Male,2000-10-08,rgunter1y@usgs.gov,2022
72,Deena,Archer,Female,2003-03-27,darcher1z@indiegogo.com,2023
73,Luce,Danit,Male,2004-08-19,ldanit20@webs.com,2020
74,Stefan,Jimmison,Male,2007-04-09,sjimmison21@tiny.cc,2022
75,Trude,Mouget,Female,2001-12-15,tmouget22@paypal.com,2026
76,Nil,Ebanks,Male,1999-06-02,nebanks23@chron.com,2026
77,Keven,De Lorenzo,Male,2002-07-20,kdelorenzo24@google.es,2021
78,Bronson,Dellar,Male,2005-03-11,bdellar25@unblog.fr,2026
79,Elke,Cud,Bigender,2006-09-05,ecud26@ifeng.com,2020
80,Jens,Sanzio,Male,1997-12-30,jsanzio27@sourceforge.net,2022
81,Hale,Phifer,Male,2000-01-25,hphifer28@behance.net,2022
82,Estrellita,Laurisch,Female,2003-06-14,elaurisch29@squidoo.com,2020
83,Axel,Lapish,Non-binary,2004-11-02,alapish2a@goo.ne.jp,2020
84,Nikos,Benjamin,Male,2007-02-28,nbenjamin2b@gnu.org,2020
85,Arnoldo,Degenhardt,Male,2001-07-09,adegenhardt2c@blogspot.com,2022
86,Berti,Surmeyers,Male,1998-04-21,bsurmeyers2d@rambler.ru,2021
87,Darcie,Benedek,Female,2002-10-13,dbenedek2e@examiner.com,2021
88,Cherlyn,Glisenan,Female,2005-12-04,cglisenan2f@comsenz.com,2021
89,Hildegarde,Olek,Female,2006-01-16,holek2g@bluehost.com,2026
90,Purcell,Trustram,Male,1997-06-07,ptrustram2h@quantcast.com,2023
91,Bourke,Hailston,Male,2000-08-26,bhailston2i@usgs.gov,2024
92,Dianna,Noell,Female,2003-09-18,dnoell2j@livejournal.com,2022
93,Mathe,St. Pierre,Male,2004-02-23,mstpierre2k@stumbleupon.com,2021
94,Bette-ann,Edelheid,Female,2007-11-10,bedelheid2l@wunderground.com,2024
95,Jasen,Abbitt,Male,2001-04-05,jabbitt2m@gizmodo.com,2022
96,Syman,Brear,Male,1999-10-29,sbrear2n@ed.gov,2026
97,Budd,Quick,Male,2002-06-01,bquick2o@google.es,2021
98,Clarabelle,Brunon,Female,2005-04-20,cbrunon2p@google.pl,2025
99,Evelin,Rupke,Male,2006-12-27,erupke2q@hud.gov,2020
100,Kimbell,Coneau,Male,2005-07-20,kconeau2r@earthlink.net,2022
